{
    "metadata": {
        "experiment_name": "Layer Mapping & Advanced KD Comparison",
        "timestamp": "2026-01-10T13:12:35.087083",
        "versions": {
            "torch": "2.9.0+cu126"
        }
    },
    "models": {
        "teacher": "google/gemma-3-270m",
        "student": "gemma-3-270m-pruned"
    },
    "experiments": {
        "uniform_logits_only": {
            "config": {
                "layer_mapping": "uniform",
                "alpha": 0.5,
                "beta": 0.5,
                "gamma": 0.0,
                "temperature": 2.0
            },
            "metrics": {
                "time_min": 12.28848404486974,
                "perplexity": 32.08747247460781,
                "recovery_%": 91.90623806282277,
                "arc_easy": 0.4415,
                "hellaswag": 0.3418,
                "lambada_openai": 0.2802,
                "piqa": 0.6099,
                "winogrande": 0.5343,
                "cap_retention_%": 83.69157284203342,
                "overall_recovery_%": 87.7989054524281
            },
            "training_stats": {
                "total_time_seconds": 737.3090426921844,
                "final_loss": 3.116515724522293,
                "epochs_trained": 3
            }
        },
        "last_layer_logits_only": {
            "config": {
                "layer_mapping": "last_layer",
                "alpha": 0.5,
                "beta": 0.5,
                "gamma": 0.0,
                "temperature": 2.0
            },
            "metrics": {
                "time_min": 12.266998104254405,
                "perplexity": 31.955225158395923,
                "recovery_%": 91.96208089859034,
                "arc_easy": 0.439,
                "hellaswag": 0.3414,
                "lambada_openai": 0.2812,
                "piqa": 0.611,
                "winogrande": 0.5328,
                "cap_retention_%": 83.60438227377838,
                "overall_recovery_%": 87.78323158618437
            },
            "training_stats": {
                "total_time_seconds": 736.0198862552643,
                "final_loss": 3.0981787420382165,
                "epochs_trained": 3
            }
        },
        "last_layer_features": {
            "config": {
                "layer_mapping": "last_layer",
                "alpha": 0.4,
                "beta": 0.4,
                "gamma": 0.2,
                "temperature": 2.0
            },
            "metrics": {
                "time_min": 12.277486828962962,
                "perplexity": 32.35713976264321,
                "recovery_%": 91.79236818244256,
                "arc_easy": 0.4373,
                "hellaswag": 0.3419,
                "lambada_openai": 0.2769,
                "piqa": 0.6099,
                "winogrande": 0.5343,
                "cap_retention_%": 83.41104666590849,
                "overall_recovery_%": 87.60170742417552
            },
            "training_stats": {
                "total_time_seconds": 736.6492097377777,
                "final_loss": 2.5683718152866244,
                "epochs_trained": 3
            }
        },
        "advanced_kd": {
            "config": {
                "layer_mapping": "last_layer",
                "alpha": 0.4,
                "beta": 0.4,
                "gamma": 0.1,
                "delta": 0.1,
                "skew_alpha": 0.5,
                "temperature": 2.0
            },
            "metrics": {
                "time_min": 13.372341847419738,
                "perplexity": 25.572323744894167,
                "recovery_%": 94.65732890486215,
                "arc_easy": 0.4314,
                "hellaswag": 0.3459,
                "lambada_openai": 0.3111,
                "piqa": 0.6099,
                "winogrande": 0.5328,
                "cap_retention_%": 84.57864210167178,
                "overall_recovery_%": 89.61798550326696
            },
            "training_stats": {
                "total_time_seconds": 802.3405108451843,
                "final_loss": 1.748532046178344,
                "epochs_trained": 3
            }
        }
    }
}